Open,High,Low,Close,Adj Close,Volume,Stock
266.20001220703125,268.6000061035156,260.8999938964844,262.989990234375,262.989990234375,103706300,TSLA
262.9200134277344,265.4100036621094,256.6300048828125,258.8699951171875,258.8699951171875,111508100,TSLA
258.8999938964844,259.6000061035156,250.22000122070312,251.1199951171875,251.1199951171875,102073800,TSLA
250.0500030517578,255.39999389648438,248.47999572753906,253.9199981689453,253.9199981689453,88917200,TSLA
250.10000610351562,257.17999267578125,247.0800018310547,254.85000610351562,254.85000610351562,93562900,TSLA
252.6999969482422,254.6300048828125,242.0800018310547,242.67999267578125,242.67999267578125,125147800,TSLA
225.9499969482422,230.61000061035156,216.77999877929688,220.11000061035156,220.11000061035156,170772700,TSLA
217.00999450683594,218.86000061035156,210.4199981689453,211.99000549316406,211.99000549316406,137734000,TSLA
210.0,216.97999572753906,202.50999450683594,212.0800018310547,212.0800018310547,150683400,TSLA
216.5,222.0500030517578,214.11000061035156,216.52000427246094,216.52000427246094,118231100,TSLA
215.8800048828125,220.10000610351562,212.1999969482422,212.4199981689453,212.4199981689453,107065100,TSLA
211.32000732421875,214.8000030517578,204.8800048828125,205.75999450683594,205.75999450683594,115112600,TSLA
210.60000610351562,212.41000366210938,205.77000427246094,207.3000030517578,207.3000030517578,94881200,TSLA
209.27999877929688,210.8800048828125,194.6699981689453,197.36000061035156,197.36000061035156,136448200,TSLA
196.1199951171875,202.8000030517578,194.07000732421875,200.83999633789062,200.83999633789062,118068300,TSLA
204.0399932861328,205.99000549316406,197.85000610351562,205.66000366210938,205.66000366210938,121661700,TSLA
212.97000122070312,219.1999969482422,211.4499969482422,218.50999450683594,218.50999450683594,125987600,TSLA
221.14999389648438,226.3699951171875,218.39999389648438,219.9600067138672,219.9600067138672,119281000,TSLA
223.97999572753906,226.32000732421875,215.0,219.27000427246094,219.27000427246094,117335800,TSLA
219.97999572753906,223.1199951171875,215.72000122070312,222.17999267578125,222.17999267578125,116900100,TSLA
223.14999389648438,224.14999389648438,217.63999938964844,222.11000061035156,222.11000061035156,106584800,TSLA
219.75,220.8000030517578,206.67999267578125,209.97999572753906,209.97999572753906,141737400,TSLA
19.829999923706055,19.8799991607666,19.360000610351562,19.56999969482422,19.367725372314453,20414700,KVUE
19.600000381469727,19.719999313354492,19.235000610351562,19.31999969482422,19.120309829711914,14461500,KVUE
19.3799991607666,19.489999771118164,19.25,19.3700008392334,19.1697940826416,16410700,KVUE
19.3700008392334,19.719999313354492,19.094999313354492,19.540000915527344,19.338037490844727,15272000,KVUE
19.290000915527344,19.899999618530273,19.010000228881836,19.780000686645508,19.5755558013916,18750100,KVUE
19.790000915527344,20.079999923706055,19.690000534057617,20.059999465942383,19.8526611328125,18294200,KVUE
20.049999237060547,20.208999633789062,19.81999969482422,19.84000015258789,19.63493537902832,18831500,KVUE
19.8700008392334,20.030000686645508,19.719999313354492,19.739999771118164,19.535968780517578,24056500,KVUE
19.520000457763672,19.80500030517578,19.424999237060547,19.68000030517578,19.47658920288086,19716500,KVUE
19.68000030517578,20.003000259399414,19.649999618530273,19.979999542236328,19.773487091064453,21650900,KVUE
20.0,20.118999481201172,19.719999313354492,19.729999542236328,19.526071548461914,24711200,KVUE
18.850000381469727,19.1299991607666,18.5,18.690000534057617,18.496822357177734,60514900,KVUE
18.604999542236328,18.709999084472656,18.084999084472656,18.209999084472656,18.02178192138672,43215400,KVUE
18.34000015258789,18.875,17.81999969482422,18.639999389648438,18.447338104248047,39398800,KVUE
18.809999465942383,18.8799991607666,18.5,18.600000381469727,18.407752990722656,81622600,KVUE
18.579999923706055,18.899999618530273,18.405000686645508,18.8799991607666,18.684856414794922,20218100,KVUE
19.0,19.2450008392334,18.780000686645508,19.229999542236328,19.031240463256836,15439000,KVUE
19.489999771118164,19.709999084472656,19.299999237060547,19.3700008392334,19.1697940826416,16872900,KVUE
19.459999084472656,19.540000915527344,19.239999771118164,19.350000381469727,19.149999618530273,13242000,KVUE
19.219999313354492,19.610000610351562,19.18600082397461,19.600000381469727,19.600000381469727,12172600,KVUE
19.559999465942383,19.704999923706055,19.110000610351562,19.15999984741211,19.15999984741211,13552100,KVUE
19.280000686645508,19.299999237060547,19.040000915527344,19.219999313354492,19.219999313354492,10423400,KVUE
12.289999961853027,12.390000343322754,12.149999618530273,12.25,12.06192398071289,31321500,F
11.880000114440918,12.069999694824219,11.84000015258789,12.0,11.815762519836426,51644000,F
11.970000267028809,12.0,11.800000190734863,11.8100004196167,11.628680229187012,47221800,F
11.90999984741211,11.960000038146973,11.819999694824219,11.930000305175781,11.746837615966797,29183000,F
11.850000381469727,12.170000076293945,11.850000381469727,12.039999961853027,11.855148315429688,40516500,F
11.930000305175781,11.930000305175781,11.75,11.75,11.569600105285645,44840100,F
11.59000015258789,11.760000228881836,11.510000228881836,11.529999732971191,11.352977752685547,49057500,F
11.579999923706055,11.760000228881836,11.539999961853027,11.640000343322754,11.461289405822754,53275400,F
11.550000190734863,11.6899995803833,11.420000076293945,11.479999542236328,11.30374526977539,49073800,F
11.5,11.569999694824219,11.380000114440918,11.390000343322754,11.215127944946289,47775600,F
11.350000381469727,11.640000343322754,11.210000038146973,11.539999961853027,11.362824440002441,74213800,F
11.90999984741211,11.930000305175781,11.329999923706055,11.350000381469727,11.175742149353027,84725900,F
10.930000305175781,10.970000267028809,9.899999618530273,9.960000038146973,9.807083129882812,187029600,F
10.079999923706055,10.140000343322754,9.680000305175781,9.770000457763672,9.619999885559082,106474700,F
9.720000267028809,9.90999984741211,9.630000114440918,9.75,9.75,82238800,F
9.84000015258789,9.930000305175781,9.760000228881836,9.90999984741211,9.90999984741211,75469700,F
10.020000457763672,10.149999618530273,9.970000267028809,10.140000343322754,10.140000343322754,66914000,F
10.260000228881836,10.640000343322754,10.25,10.5600004196167,10.5600004196167,60846800,F
10.5600004196167,10.600000381469727,10.239999771118164,10.3100004196167,10.3100004196167,48435500,F
10.25,10.289999961853027,10.050000190734863,10.170000076293945,10.170000076293945,50430800,F
10.1899995803833,10.210000038146973,10.029999732971191,10.050000190734863,10.050000190734863,38700600,F
10.039999961853027,10.069999694824219,9.6899995803833,9.699999809265137,9.699999809265137,59277100,F
109.13999938964844,110.0999984741211,106.93000030517578,108.30999755859375,108.30999755859375,51085600,AMD
108.4000015258789,111.30999755859375,107.51000213623047,108.79000091552734,108.79000091552734,60959400,AMD
108.6500015258789,108.97000122070312,104.75,105.08999633789062,105.08999633789062,52881500,AMD
105.41999816894531,107.4800033569336,105.02999877929688,106.45999908447266,106.45999908447266,42464500,AMD
103.54000091552734,106.29000091552734,101.66000366210938,105.13999938964844,105.13999938964844,49642100,AMD
103.37999725341797,104.77999877929688,101.73999786376953,102.16999816894531,102.16999816894531,50450000,AMD
103.80999755859375,105.5999984741211,101.83999633789062,102.4000015258789,102.4000015258789,52734200,AMD
102.27999877929688,104.33999633789062,101.44000244140625,101.80999755859375,101.80999755859375,61285600,AMD
100.80999755859375,102.41999816894531,99.31999969482422,100.01000213623047,100.01000213623047,50817400,AMD
100.97000122070312,101.79000091552734,99.37999725341797,101.66999816894531,101.66999816894531,51982900,AMD
100.41999816894531,101.02999877929688,95.2300033569336,96.05999755859375,96.05999755859375,53424500,AMD
95.98999786376953,97.5199966430664,93.12000274658203,93.66999816894531,93.66999816894531,49896400,AMD
95.80000305175781,97.3499984741211,94.58999633789062,96.43000030517578,96.43000030517578,52458700,AMD
96.13999938964844,97.04000091552734,94.69999694824219,96.18000030517578,96.18000030517578,43716600,AMD
96.23999786376953,98.81999969482422,94.06999969482422,98.5,98.5,79547100,AMD
98.58000183105469,108.1500015258789,98.5,108.04000091552734,108.04000091552734,138641500,AMD
107.95999908447266,109.41000366210938,105.91000366210938,107.83000183105469,107.83000183105469,71377000,AMD
109.05000305175781,113.38999938964844,107.86000061035156,112.25,112.25,65576600,AMD
112.5999984741211,113.08000183105469,110.22000122070312,111.75,111.75,49270400,AMD
111.86000061035156,114.6500015258789,111.22000122070312,113.44999694824219,113.44999694824219,50550200,AMD
113.55000305175781,115.31999969482422,112.87999725341797,113.58999633789062,113.58999633789062,41880600,AMD
114.0999984741211,115.80999755859375,113.05999755859375,113.48999786376953,113.48999786376953,61097800,AMD
8.449999809265137,8.725000381469727,8.449999809265137,8.59000015258789,8.59000015258789,22512700,SOFI
8.640000343322754,8.664999961853027,8.279999732971191,8.390000343322754,8.390000343322754,22155400,SOFI
8.4399995803833,8.475000381469727,8.0649995803833,8.119999885559082,8.119999885559082,21977600,SOFI
8.239999771118164,8.350000381469727,8.079999923706055,8.25,8.25,16675200,SOFI
8.100000381469727,8.359999656677246,8.079999923706055,8.25,8.25,18473600,SOFI
8.1899995803833,8.260000228881836,7.690000057220459,7.769999980926514,7.769999980926514,26281300,SOFI
7.75,7.980000019073486,7.590000152587891,7.630000114440918,7.630000114440918,26767700,SOFI
7.550000190734863,7.679999828338623,7.320000171661377,7.369999885559082,7.369999885559082,27223700,SOFI
7.28000020980835,7.5,6.96999979019165,7.260000228881836,7.260000228881836,29748000,SOFI
7.400000095367432,7.574999809265137,7.260000228881836,7.380000114440918,7.380000114440918,23335900,SOFI
7.239999771118164,7.269999980926514,7.019999980926514,7.079999923706055,7.079999923706055,31058500,SOFI
7.039999961853027,7.170000076293945,6.795000076293945,6.900000095367432,6.900000095367432,47046900,SOFI
7.070000171661377,7.079999923706055,6.849999904632568,6.869999885559082,6.869999885559082,45332100,SOFI
7.599999904632568,7.880000114440918,6.679999828338623,6.940000057220459,6.940000057220459,125927200,SOFI
7.039999961853027,7.570000171661377,7.03000020980835,7.550000190734863,7.550000190734863,63310400,SOFI
7.639999866485596,7.75,7.349999904632568,7.579999923706055,7.579999923706055,42359700,SOFI
7.900000095367432,8.199999809265137,7.880000114440918,8.170000076293945,8.170000076293945,45933900,SOFI
8.279999732971191,8.479999542236328,8.0,8.010000228881836,8.010000228881836,41472500,SOFI
8.050000190734863,8.0600004196167,7.369999885559082,7.489999771118164,7.489999771118164,46262100,SOFI
7.5,7.599999904632568,7.329999923706055,7.420000076293945,7.420000076293945,34068100,SOFI
7.380000114440918,7.394999980926514,7.119999885559082,7.309999942779541,7.309999942779541,28150800,SOFI
7.159999847412109,7.170000076293945,6.570000171661377,6.849999904632568,6.849999904632568,86381200,SOFI
28.56999969482422,28.760000228881836,28.34000015258789,28.459999084472656,28.459999084472656,5288500,PINS
28.479999542236328,28.540000915527344,27.635000228881836,27.770000457763672,27.770000457763672,7831600,PINS
27.639999389648438,27.719999313354492,26.600000381469727,26.6200008392334,26.6200008392334,8573100,PINS
26.540000915527344,27.665000915527344,26.40999984741211,27.510000228881836,27.510000228881836,5984600,PINS
27.670000076293945,28.260000228881836,27.43000030517578,28.0,28.0,8100700,PINS
27.540000915527344,27.649999618530273,26.700000762939453,26.829999923706055,26.829999923706055,7705700,PINS
26.889999389648438,27.356000900268555,26.46500015258789,26.549999237060547,26.549999237060547,7087100,PINS
25.8799991607666,26.3799991607666,25.610000610351562,25.959999084472656,25.959999084472656,10214700,PINS
26.639999389648438,26.885000228881836,26.010000228881836,26.639999389648438,26.639999389648438,10894200,PINS
27.0,27.3799991607666,26.614999771118164,26.790000915527344,26.790000915527344,6355400,PINS
26.5,26.540000915527344,25.25,25.559999465942383,25.559999465942383,9656500,PINS
24.969999313354492,25.049999237060547,23.59000015258789,24.100000381469727,24.100000381469727,18218600,PINS
24.270000457763672,24.59000015258789,24.1299991607666,24.360000610351562,24.360000610351562,7904000,PINS
24.684999465942383,25.30500030517578,24.46500015258789,25.100000381469727,25.100000381469727,24035300,PINS
29.440000534057617,29.989999771118164,27.920000076293945,29.8799991607666,29.8799991607666,64675000,PINS
29.93000030517578,30.15999984741211,28.920000076293945,29.920000076293945,29.920000076293945,22556300,PINS
30.479999542236328,31.239999771118164,30.31999969482422,30.719999313354492,30.719999313354492,16014100,PINS
30.950000762939453,31.360000610351562,30.5049991607666,30.940000534057617,30.940000534057617,14260800,PINS
31.049999237060547,31.139999389648438,30.31999969482422,30.920000076293945,30.920000076293945,9929900,PINS
30.899999618530273,31.360000610351562,30.649999618530273,30.950000762939453,30.950000762939453,13479000,PINS
30.719999313354492,31.618000030517578,30.649999618530273,31.3700008392334,31.3700008392334,7882700,PINS
31.570999145507812,31.8700008392334,30.954999923706055,31.260000228881836,31.260000228881836,9243900,PINS
461.9599914550781,468.5899963378906,460.5,468.05999755859375,468.05999755859375,37813700,NVDA
467.7699890136719,476.0899963378906,463.29998779296875,469.45001220703125,469.45001220703125,48132500,NVDA
469.6000061035156,471.1600036621094,452.79998779296875,454.6099853515625,454.6099853515625,47411500,NVDA
450.6300048828125,462.25,449.1199951171875,460.95001220703125,460.95001220703125,37509900,NVDA
440.0,447.5400085449219,424.79998779296875,439.3800048828125,439.3800048828125,81233300,NVDA
425.9100036621094,432.19000244140625,418.25,421.9599914550781,421.9599914550781,62729400,NVDA
428.1099853515625,432.9700012207031,418.82000732421875,421.010009765625,421.010009765625,50123300,NVDA
418.8999938964844,424.70001220703125,410.7799987792969,413.8699951171875,413.8699951171875,47638100,NVDA
412.2900085449219,432.4800109863281,409.45001220703125,429.75,429.75,47853000,NVDA
430.7699890136719,436.9700012207031,426.9100036621094,436.6300048828125,436.6300048828125,40146300,NVDA
433.9800109863281,436.5,415.54998779296875,417.7900085449219,417.7900085449219,39837900,NVDA
418.5299987792969,422.55999755859375,398.79998779296875,403.260009765625,403.260009765625,54100100,NVDA
411.29998779296875,412.05999755859375,400.1499938964844,405.0,405.0,41678400,NVDA
410.8699951171875,417.6600036621094,404.80999755859375,411.6099853515625,411.6099853515625,38802800,NVDA
404.5,408.7900085449219,392.29998779296875,407.79998779296875,407.79998779296875,51796900,NVDA
408.8399963378906,423.80999755859375,408.69000244140625,423.25,423.25,43759300,NVDA
433.2799987792969,438.8399963378906,428.94000244140625,435.05999755859375,435.05999755859375,40917200,NVDA
440.20001220703125,453.0899963378906,437.2300109863281,450.04998779296875,450.04998779296875,42385500,NVDA
452.8500061035156,459.3500061035156,448.989990234375,457.510009765625,457.510009765625,40073300,NVDA
457.19000244140625,462.17999267578125,451.5799865722656,459.54998779296875,459.54998779296875,34316500,NVDA
461.0,468.6700134277344,459.67999267578125,465.739990234375,465.739990234375,34671900,NVDA
474.6700134277344,482.29998779296875,467.5,469.5,469.5,53963500,NVDA
178.1999969482422,179.85000610351562,177.60000610351562,179.8000030517578,179.8000030517578,47551100,AAPL
180.07000732421875,182.33999633789062,179.0399932861328,180.7100067138672,180.7100067138672,56743100,AAPL
181.4199981689453,181.92999267578125,178.13999938964844,178.85000610351562,178.85000610351562,51427100,AAPL
176.75,179.0800018310547,176.50999450683594,178.72000122070312,178.72000122070312,52517000,AAPL
176.64999389648438,178.4199981689453,174.8000030517578,177.14999389648438,177.14999389648438,57549400,AAPL
175.5800018310547,177.5800018310547,175.11000061035156,175.83999633789062,175.83999633789062,54764400,AAPL
176.0399932861328,177.83999633789062,175.19000244140625,175.4600067138672,175.4600067138672,59302900,AAPL
175.30999755859375,175.4199981689453,172.63999938964844,172.8800048828125,172.8800048828125,64189300,AAPL
170.91000366210938,174.00999450683594,169.92999267578125,173.0,173.0,55980100,AAPL
173.0500030517578,173.6699981689453,171.4499969482422,173.44000244140625,173.44000244140625,43816600,AAPL
171.8800048828125,173.05999755859375,170.64999389648438,171.10000610351562,171.10000610351562,57157000,AAPL
170.3699951171875,171.3800048828125,165.6699981689453,166.88999938964844,166.88999938964844,70625300,AAPL
166.91000366210938,168.9600067138672,166.8300018310547,168.22000122070312,168.22000122070312,58499100,AAPL
169.02000427246094,171.1699981689453,168.8699951171875,170.2899932861328,170.2899932861328,51131000,AAPL
169.35000610351562,170.89999389648438,167.89999389648438,170.77000427246094,170.77000427246094,44846000,AAPL
171.0,174.22999572753906,170.1199951171875,173.97000122070312,173.97000122070312,56934900,AAPL
175.52000427246094,177.77999877929688,175.4600067138672,177.57000732421875,177.57000732421875,77334800,AAPL
174.24000549316406,176.82000732421875,173.35000610351562,176.64999389648438,176.64999389648438,79763700,AAPL
176.3800048828125,179.42999267578125,176.2100067138672,179.22999572753906,179.22999572753906,63841300,AAPL
179.17999267578125,182.44000244140625,178.97000122070312,181.82000732421875,181.82000732421875,70530000,AAPL
182.35000610351562,183.4499969482422,181.58999633789062,182.88999938964844,182.88999938964844,49340300,AAPL
182.9600067138672,184.1199951171875,181.80999755859375,182.41000366210938,182.41000366210938,53673900,AAPL
27.170000076293945,27.440000534057617,26.899999618530273,27.020000457763672,27.020000457763672,38508200,BAC
26.969999313354492,27.079999923706055,26.610000610351562,26.899999618530273,26.899999618530273,44249800,BAC
27.43000030517578,27.719999313354492,26.520000457763672,26.760000228881836,26.760000228881836,55089700,BAC
27.15999984741211,27.18000030517578,26.770000457763672,26.989999771118164,26.989999771118164,56817500,BAC
27.049999237060547,27.8700008392334,26.719999313354492,27.6200008392334,27.6200008392334,95344200,BAC
27.540000915527344,28.040000915527344,27.209999084472656,27.309999465942383,27.309999465942383,68371100,BAC
27.25,27.780000686645508,26.8799991607666,26.959999084472656,26.959999084472656,58611000,BAC
26.799999237060547,26.940000534057617,26.239999771118164,26.309999465942383,26.309999465942383,62029800,BAC
26.1299991607666,26.209999084472656,25.520000457763672,25.56999969482422,25.56999969482422,59857200,BAC
25.739999771118164,25.8700008392334,25.399999618530273,25.469999313354492,25.469999313354492,55975700,BAC
25.3799991607666,25.649999618530273,25.18000030517578,25.549999237060547,25.549999237060547,45522400,BAC
25.489999771118164,26.360000610351562,25.440000534057617,26.1200008392334,26.1200008392334,60921000,BAC
26.06999969482422,26.06999969482422,24.959999084472656,25.170000076293945,25.170000076293945,64709300,BAC
25.31999969482422,25.780000686645508,25.280000686645508,25.690000534057617,25.690000534057617,41891900,BAC
25.739999771118164,26.3799991607666,25.719999313354492,26.34000015258789,26.34000015258789,50106700,BAC
26.440000534057617,26.6200008392334,26.149999618530273,26.399999618530273,26.399999618530273,44046300,BAC
26.709999084472656,27.65999984741211,26.59000015258789,27.6200008392334,27.6200008392334,63278300,BAC
28.15999984741211,28.93000030517578,28.1299991607666,28.420000076293945,28.420000076293945,62595200,BAC
28.559999465942383,28.770000457763672,28.020000457763672,28.329999923706055,28.329999923706055,45548000,BAC
28.049999237060547,28.260000228881836,27.950000762939453,28.15999984741211,28.15999984741211,33081900,BAC
28.15999984741211,28.200000762939453,27.670000076293945,27.889999389648438,27.889999389648438,31896000,BAC
28.06999969482422,28.079999923706055,27.399999618530273,27.530000686645508,27.530000686645508,32254300,BAC
129.74000549316406,132.0500030517578,129.61000061035156,131.8300018310547,131.8300018310547,40741800,AMZN
132.1699981689453,134.47999572753906,131.22999572753906,132.3300018310547,132.3300018310547,55528600,AMZN
132.97999572753906,133.30999755859375,128.9499969482422,129.7899932861328,129.7899932861328,45786600,AMZN
130.69000244140625,133.07000732421875,130.42999267578125,132.5500030517578,132.5500030517578,42832900,AMZN
130.38999938964844,132.5800018310547,128.7100067138672,131.47000122070312,131.47000122070312,49344600,AMZN
129.89999389648438,130.6699981689453,127.51000213623047,128.1300048828125,128.1300048828125,42699500,AMZN
130.57000732421875,132.24000549316406,127.47000122070312,128.39999389648438,128.39999389648438,60961400,AMZN
128.0500030517578,128.1699981689453,124.97000122070312,125.16999816894531,125.16999816894531,56343300,AMZN
124.62999725341797,127.87999725341797,123.9800033569336,126.55999755859375,126.55999755859375,48260000,AMZN
127.73999786376953,128.8000030517578,126.33999633789062,128.55999755859375,128.55999755859375,46477400,AMZN
126.04000091552734,126.33999633789062,120.79000091552734,121.38999938964844,121.38999938964844,74577500,AMZN
120.62999725341797,121.63999938964844,118.3499984741211,119.56999969482422,119.56999969482422,100419500,AMZN
126.19999694824219,130.02000427246094,125.5199966430664,127.73999786376953,127.73999786376953,125309300,AMZN
129.72000122070312,133.0,128.55999755859375,132.7100067138672,132.7100067138672,72485500,AMZN
132.75,133.57000732421875,131.7100067138672,133.08999633789062,133.08999633789062,51589400,AMZN
133.9600067138672,137.35000610351562,133.7100067138672,137.0,137.0,61529400,AMZN
138.72999572753906,138.80999755859375,136.47000122070312,138.07000732421875,138.07000732421875,52236700,AMZN
138.99000549316406,139.49000549316406,137.4499969482422,138.60000610351562,138.60000610351562,44007200,AMZN
138.75999450683594,140.72999572753906,138.36000061035156,139.74000549316406,139.74000549316406,44970400,AMZN
140.5500030517578,143.3699951171875,140.5,142.7100067138672,142.7100067138672,53553500,AMZN
142.97000122070312,143.1199951171875,141.22000122070312,142.0800018310547,142.0800018310547,44521700,AMZN
142.02000427246094,142.64999389648438,139.83999633789062,140.60000610351562,140.60000610351562,36168200,AMZN
12.319999694824219,12.680000305175781,12.279999732971191,12.479999542236328,12.479999542236328,35569100,AAL
12.600000381469727,12.619999885559082,11.930000305175781,12.0600004196167,12.0600004196167,50281200,AAL
11.869999885559082,12.039999961853027,11.680000305175781,11.720000267028809,11.720000267028809,48056300,AAL
11.819999694824219,12.050000190734863,11.720000267028809,11.9399995803833,11.9399995803833,35242600,AAL
11.880000114440918,12.100000381469727,11.880000114440918,11.9399995803833,11.9399995803833,35207300,AAL
11.739999771118164,11.739999771118164,11.220000267028809,11.359999656677246,11.359999656677246,67141500,AAL
11.350000381469727,12.010000228881836,11.350000381469727,11.449999809265137,11.449999809265137,63900500,AAL
11.399999618530273,11.430000305175781,11.039999961853027,11.079999923706055,11.079999923706055,49956600,AAL
11.020000457763672,11.40999984741211,10.9399995803833,11.289999961853027,11.289999961853027,45680300,AAL
11.359999656677246,11.430000305175781,11.09000015258789,11.210000038146973,11.210000038146973,39302800,AAL
11.119999885559082,11.239999771118164,11.039999961853027,11.039999961853027,11.039999961853027,40461800,AAL
11.050000190734863,11.25,10.970000267028809,11.149999618530273,11.149999618530273,40009500,AAL
11.180000305175781,11.229999542236328,10.880000114440918,10.920000076293945,10.920000076293945,39890700,AAL
11.010000228881836,11.239999771118164,11.0,11.180000305175781,11.180000305175781,38208500,AAL
11.109999656677246,11.15999984741211,10.859999656677246,11.149999618530273,11.149999618530273,42086200,AAL
11.109999656677246,11.220000267028809,10.979999542236328,11.140000343322754,11.140000343322754,30449500,AAL
11.350000381469727,11.470000267028809,11.279999732971191,11.399999618530273,11.399999618530273,29763600,AAL
11.630000114440918,12.079999923706055,11.619999885559082,11.979999542236328,11.979999542236328,52897300,AAL
12.0600004196167,12.100000381469727,11.539999961853027,11.65999984741211,11.65999984741211,33159500,AAL
11.720000267028809,11.84000015258789,11.609999656677246,11.75,11.75,27819600,AAL
11.859999656677246,12.270000457763672,11.850000381469727,12.010000228881836,12.010000228881836,40867800,AAL
12.15999984741211,12.239999771118164,11.670000076293945,11.75,11.75,37737400,AAL
17.8700008392334,18.440000534057617,17.729999542236328,17.920000076293945,17.920000076293945,55745600,PLTR
17.920000076293945,18.239999771118164,17.551000595092773,17.940000534057617,17.940000534057617,57940900,PLTR
18.059999465942383,18.15999984741211,17.270000457763672,17.360000610351562,17.360000610351562,54541600,PLTR
17.209999084472656,17.459999084472656,16.670000076293945,17.360000610351562,17.360000610351562,44987300,PLTR
17.0,18.030000686645508,16.90999984741211,17.84000015258789,17.84000015258789,54401300,PLTR
17.809999465942383,18.219999313354492,17.190000534057617,17.200000762939453,17.200000762939453,44208300,PLTR
17.440000534057617,17.579999923706055,16.969999313354492,17.059999465942383,17.059999465942383,46303200,PLTR
16.850000381469727,16.940000534057617,15.8100004196167,16.110000610351562,16.110000610351562,63738300,PLTR
15.899999618530273,16.34000015258789,15.210000038146973,16.200000762939453,16.200000762939453,55967200,PLTR
16.3799991607666,16.93000030517578,16.299999237060547,16.639999389648438,16.639999389648438,39833800,PLTR
16.56999969482422,16.6299991607666,15.579999923706055,15.59000015258789,15.59000015258789,46706500,PLTR
15.600000381469727,15.90999984741211,15.050000190734863,15.289999961853027,15.289999961853027,49351800,PLTR
15.479999542236328,15.600000381469727,14.960000038146973,15.069999694824219,15.069999694824219,39913600,PLTR
15.270000457763672,15.289999961853027,14.5600004196167,14.6899995803833,14.6899995803833,46886400,PLTR
14.579999923706055,15.010000228881836,14.550000190734863,14.800000190734863,14.800000190734863,40195400,PLTR
14.800000190734863,14.960000038146973,14.479999542236328,14.920000076293945,14.920000076293945,54419100,PLTR
17.479999542236328,18.299999237060547,17.209999084472656,17.969999313354492,17.969999313354492,170406800,PLTR
18.020000457763672,19.07900047302246,17.760000228881836,18.889999389648438,18.889999389648438,109039500,PLTR
18.989999771118164,19.079999923706055,17.93000030517578,18.540000915527344,18.540000915527344,79952600,PLTR
18.860000610351562,19.170000076293945,18.530000686645508,18.799999237060547,18.799999237060547,56289100,PLTR
18.850000381469727,18.93000030517578,18.149999618530273,18.489999771118164,18.489999771118164,46063100,PLTR
18.65999984741211,18.8700008392334,18.15999984741211,18.270000457763672,18.270000457763672,48281000,PLTR
33.2400016784668,33.33000183105469,32.81999969482422,33.11000061035156,32.66953659057617,24221200,PFE
33.11000061035156,33.220001220703125,32.77000045776367,32.91999816894531,32.48206329345703,21809900,PFE
32.939998626708984,32.9900016784668,32.02000045776367,32.11000061035156,31.68284034729004,32388100,PFE
32.83000183105469,33.91999816894531,32.560001373291016,33.27000045776367,32.82740783691406,63317400,PFE
33.0,33.189998626708984,32.20000076293945,32.75,32.314327239990234,40015800,PFE
32.540000915527344,32.68000030517578,31.389999389648438,31.40999984741211,30.992151260375977,30307600,PFE
31.3799991607666,31.5,30.90999984741211,31.190000534057617,30.77507781982422,26880300,PFE
31.059999465942383,31.110000610351562,30.479999542236328,30.649999618530273,30.24226188659668,39378900,PFE
30.770000457763672,31.389999389648438,30.530000686645508,30.84000015258789,30.42973518371582,29412100,PFE
30.8799991607666,31.030000686645508,30.31999969482422,30.43000030517578,30.025188446044922,26923800,PFE
30.459999084472656,31.0,30.219999313354492,30.729999542236328,30.321197509765625,28857900,PFE
30.610000610351562,31.3700008392334,30.5,31.15999984741211,30.7454776763916,27162700,PFE
31.059999465942383,31.1299991607666,30.020000457763672,30.110000610351562,29.70944595336914,33877100,PFE
30.239999771118164,30.68000030517578,30.110000610351562,30.549999237060547,30.143590927124023,33063500,PFE
30.290000915527344,30.81999969482422,29.700000762939453,30.559999465942383,30.153457641601562,42648200,PFE
30.559999465942383,31.079999923706055,30.469999313354492,30.510000228881836,30.104124069213867,23568300,PFE
30.510000228881836,30.649999618530273,30.209999084472656,30.5,30.094257354736328,29640900,PFE
30.899999618530273,31.389999389648438,30.84000015258789,31.260000228881836,30.844146728515625,28062100,PFE
31.31999969482422,31.40999984741211,30.959999084472656,31.18000030517578,30.76521110534668,27381200,PFE
31.079999923706055,31.389999389648438,30.889999389648438,31.25,30.834280014038086,18086400,PFE
30.920000076293945,31.299999237060547,30.549999237060547,30.81999969482422,30.40999984741211,29398300,PFE
30.489999771118164,30.510000228881836,29.6299991607666,29.68000030517578,29.68000030517578,28717400,PFE
16.0,16.3700008392334,15.9399995803833,16.15999984741211,16.15999984741211,6299900,VFC
16.110000610351562,16.110000610351562,15.109999656677246,15.300000190734863,15.300000190734863,9266900,VFC
15.329999923706055,15.539999961853027,15.140000343322754,15.449999809265137,15.449999809265137,8051100,VFC
15.539999961853027,16.3700008392334,15.109999656677246,16.190000534057617,16.190000534057617,6570900,VFC
16.149999618530273,18.59000015258789,16.079999923706055,18.450000762939453,18.450000762939453,22739800,VFC
18.40999984741211,18.770000457763672,18.170000076293945,18.68000030517578,18.68000030517578,9840700,VFC
18.600000381469727,18.899999618530273,18.389999389648438,18.559999465942383,18.559999465942383,8077100,VFC
18.6200008392334,18.799999237060547,17.860000610351562,18.020000457763672,18.020000457763672,7452000,VFC
17.770000457763672,17.889999389648438,17.239999771118164,17.479999542236328,17.479999542236328,7079700,VFC
17.520000457763672,18.25,17.459999084472656,17.920000076293945,17.920000076293945,9629500,VFC
17.809999465942383,18.290000915527344,17.6299991607666,17.950000762939453,17.950000762939453,6219900,VFC
17.709999084472656,18.1200008392334,17.610000610351562,17.829999923706055,17.829999923706055,5730900,VFC
17.979999542236328,18.06999969482422,16.81999969482422,16.899999618530273,16.899999618530273,9416300,VFC
17.190000534057617,17.469999313354492,16.989999771118164,17.1200008392334,17.1200008392334,13613700,VFC
16.100000381469727,16.75,14.430000305175781,14.729999542236328,14.729999542236328,35982500,VFC
14.819999694824219,14.859999656677246,12.850000381469727,13.100000381469727,13.100000381469727,29438100,VFC
13.300000190734863,14.829999923706055,13.260000228881836,14.8100004196167,14.8100004196167,15590200,VFC
15.100000381469727,15.569999694824219,14.949999809265137,15.5,15.5,8601100,VFC
15.59000015258789,16.079999923706055,15.470000267028809,15.949999809265137,15.949999809265137,9241600,VFC
16.06999969482422,16.549999237060547,15.779999732971191,15.989999771118164,15.989999771118164,9272200,VFC
15.899999618530273,16.1200008392334,15.460000038146973,15.600000381469727,15.600000381469727,5609800,VFC
15.630000114440918,15.770000457763672,15.079999923706055,15.149999618530273,15.149999618530273,5722400,VFC
13.6899995803833,14.079999923706055,13.670000076293945,14.069999694824219,14.069999694824219,6949500,PR
14.270000457763672,14.295000076293945,13.989999771118164,14.039999961853027,14.039999961853027,9344400,PR
14.430000305175781,14.875,14.300000190734863,14.829999923706055,14.829999923706055,9633500,PR
14.949999809265137,15.0649995803833,14.569999694824219,15.029999732971191,15.029999732971191,6893800,PR
15.0,15.270000457763672,14.920000076293945,15.15999984741211,15.15999984741211,7525100,PR
15.3100004196167,15.380000114440918,15.079999923706055,15.239999771118164,15.239999771118164,6731800,PR
15.069999694824219,15.489999771118164,14.895000457763672,15.460000038146973,15.460000038146973,9884700,PR
15.4399995803833,15.489999771118164,15.001999855041504,15.050000190734863,15.050000190734863,8094900,PR
14.829999923706055,15.260000228881836,14.65999984741211,14.850000381469727,14.850000381469727,7758100,PR
14.960000038146973,15.149999618530273,14.859999656677246,14.890000343322754,14.890000343322754,7517400,PR
14.890000343322754,15.079999923706055,14.789999961853027,14.960000038146973,14.960000038146973,7096900,PR
14.720000267028809,14.925000190734863,14.413000106811523,14.770000457763672,14.770000457763672,6937900,PR
14.800000190734863,14.930000305175781,14.350000381469727,14.640000343322754,14.640000343322754,7384800,PR
14.6899995803833,14.829999923706055,14.25,14.479999542236328,14.479999542236328,6397300,PR
14.470000267028809,14.739999771118164,14.279999732971191,14.569999694824219,14.569999694824219,35201600,PR
14.670000076293945,14.729999542236328,14.142000198364258,14.329999923706055,14.329999923706055,11144600,PR
14.369999885559082,14.930000305175781,14.260000228881836,14.90999984741211,14.90999984741211,7605700,PR
14.859999656677246,15.130000114440918,14.5600004196167,14.84000015258789,14.84000015258789,7524400,PR
14.960000038146973,14.989999771118164,14.010000228881836,14.1899995803833,14.1899995803833,10952900,PR
13.789999961853027,13.890000343322754,13.489999771118164,13.640000343322754,13.640000343322754,17643100,PR
13.609999656677246,13.800000190734863,13.079999923706055,13.1899995803833,13.1899995803833,11199300,PR
13.069999694824219,13.470000267028809,12.944999694824219,12.960000038146973,12.960000038146973,10663800,PR
1.149999976158142,1.149999976158142,1.0800000429153442,1.0800000429153442,1.0800000429153442,8813300,LU
1.100000023841858,1.1009999513626099,1.0499999523162842,1.0700000524520874,1.0700000524520874,4847900,LU
1.059999942779541,1.100000023841858,1.059999942779541,1.059999942779541,1.059999942779541,3540600,LU
1.0499999523162842,1.0800000429153442,1.0299999713897705,1.0700000524520874,1.0700000524520874,5817300,LU
1.0499999523162842,1.0549999475479126,1.0199999809265137,1.0199999809265137,1.0199999809265137,7858400,LU
1.0099999904632568,1.0299999713897705,0.9150000214576721,0.9459999799728394,0.9459999799728394,34422600,LU
0.9259999990463257,0.9599999785423279,0.9200000166893005,0.9399999976158142,0.9399999976158142,21250800,LU
0.9350000023841858,0.968999981880188,0.8709999918937683,0.949999988079071,0.949999988079071,27392600,LU
0.9300000071525574,0.9879999756813049,0.9129999876022339,0.9449999928474426,0.9449999928474426,17582400,LU
0.9599999785423279,1.0299999713897705,0.9509999752044678,0.953000009059906,0.953000009059906,20975500,LU
0.949999988079071,0.9800000190734863,0.9129999876022339,0.9589999914169312,0.9589999914169312,10509300,LU
0.949999988079071,0.9890000224113464,0.9229999780654907,0.9419999718666077,0.9419999718666077,24465900,LU
0.9700000286102295,0.9829999804496765,0.949999988079071,0.949999988079071,0.949999988079071,16455200,LU
0.9710000157356262,1.0099999904632568,0.9599999785423279,0.9900000095367432,0.9900000095367432,30423600,LU
0.9900000095367432,0.9900000095367432,0.9100000262260437,0.9549999833106995,0.9549999833106995,33126700,LU
0.9520000219345093,0.9900000095367432,0.9300000071525574,0.9589999914169312,0.9589999914169312,22751800,LU
0.9599999785423279,1.0299999713897705,0.9599999785423279,1.0099999904632568,1.0099999904632568,18324200,LU
1.0299999713897705,1.1200000047683716,1.0299999713897705,1.100000023841858,1.100000023841858,15244900,LU
1.1100000143051147,1.1579999923706055,1.1100000143051147,1.1200000047683716,1.1200000047683716,13460900,LU
1.1100000143051147,1.1100000143051147,1.0499999523162842,1.059999942779541,1.059999942779541,6084000,LU
1.0800000429153442,1.1080000400543213,1.059999942779541,1.059999942779541,1.059999942779541,6568200,LU
1.0800000429153442,1.0800000429153442,1.024999976158142,1.0299999713897705,1.0299999713897705,8079500,LU
36.619998931884766,37.029998779296875,36.380001068115234,36.880001068115234,36.75912857055664,19262600,INTC
36.79999923706055,37.220001220703125,36.38999938964844,36.84000015258789,36.719261169433594,23639200,INTC
36.7400016784668,36.790000915527344,35.86000061035156,35.970001220703125,35.85211181640625,28390100,INTC
36.13999938964844,36.939998626708984,36.08000183105469,36.560001373291016,36.44017791748047,29555800,INTC
35.91999816894531,36.349998474121094,35.06999969482422,36.060001373291016,35.94181823730469,24993600,INTC
35.52000045776367,36.02000045776367,35.45000076293945,35.63999938964844,35.523193359375,22086000,INTC
35.959999084472656,36.36000061035156,35.52000045776367,35.66999816894531,35.55309295654297,29201800,INTC
35.650001525878906,36.279998779296875,34.869998931884766,34.91999816894531,34.80554962158203,32291800,INTC
34.599998474121094,35.189998626708984,33.38999938964844,33.849998474121094,33.73905944824219,53924700,INTC
33.63999938964844,34.709999084472656,33.63999938964844,34.59000015258789,34.47663497924805,52673900,INTC
34.18000030517578,34.45000076293945,32.54999923706055,32.83000183105469,32.72240447998047,44658500,INTC
32.88999938964844,33.220001220703125,32.150001525878906,32.52000045776367,32.41341781616211,59142500,INTC
34.65999984741211,36.380001068115234,34.599998474121094,35.540000915527344,35.42352294921875,84128200,INTC
35.470001220703125,35.959999084472656,34.91999816894531,35.689998626708984,35.573028564453125,36656300,INTC
35.65999984741211,36.56999969482422,35.619998931884766,36.5,36.380374908447266,41185200,INTC
36.5,37.31999969482422,36.279998779296875,37.290000915527344,37.16778564453125,41710700,INTC
37.58000183105469,37.81999969482422,36.90999984741211,37.70000076293945,37.57644271850586,35440000,INTC
38.0,38.31999969482422,37.66999816894531,38.13999938964844,38.01499938964844,30493400,INTC
38.02000045776367,38.20000076293945,37.849998474121094,37.95000076293945,37.95000076293945,23877200,INTC
38.2400016784668,38.900001525878906,37.97999954223633,38.77000045776367,38.77000045776367,32052000,INTC
38.849998474121094,38.88999938964844,37.75,37.91999816894531,37.91999816894531,33483400,INTC
38.04999923706055,38.52000045776367,37.77000045776367,37.79999923706055,37.79999923706055,48930000,INTC
8.949999809265137,9.1899995803833,8.899999618530273,8.970000267028809,8.970000267028809,34029900,NIO
8.880000114440918,8.970000267028809,8.380000114440918,8.4399995803833,8.4399995803833,37144100,NIO
8.399999618530273,8.550000190734863,8.270000457763672,8.470000267028809,8.470000267028809,28358100,NIO
8.369999885559082,8.529999732971191,8.239999771118164,8.520000457763672,8.520000457763672,24550100,NIO
8.329999923706055,8.649999618530273,8.289999961853027,8.529999732971191,8.529999732971191,18390200,NIO
8.529999732971191,8.539999961853027,7.869999885559082,7.909999847412109,7.909999847412109,51395200,NIO
7.760000228881836,7.880000114440918,7.590000152587891,7.690000057220459,7.690000057220459,39606100,NIO
7.519999980926514,7.849999904632568,7.46999979019165,7.579999923706055,7.579999923706055,31756100,NIO
7.489999771118164,7.699999809265137,7.309999942779541,7.590000152587891,7.590000152587891,33550400,NIO
7.559999942779541,8.119999885559082,7.559999942779541,8.09000015258789,8.09000015258789,42841700,NIO
7.820000171661377,7.849999904632568,7.599999904632568,7.599999904632568,7.599999904632568,28413800,NIO
7.619999885559082,7.800000190734863,7.519999980926514,7.630000114440918,7.630000114440918,27283600,NIO
7.78000020980835,7.809999942779541,7.389999866485596,7.440000057220459,7.440000057220459,33773500,NIO
7.559999942779541,7.639999866485596,7.400000095367432,7.519999980926514,7.519999980926514,25727700,NIO
7.340000152587891,7.400000095367432,7.179999828338623,7.300000190734863,7.300000190734863,29679200,NIO
7.309999942779541,7.449999809265137,7.190000057220459,7.449999809265137,7.449999809265137,33335100,NIO
7.71999979019165,7.929999828338623,7.690000057220459,7.789999961853027,7.789999961853027,43628400,NIO
8.010000228881836,8.300000190734863,7.869999885559082,8.229999542236328,8.229999542236328,56005600,NIO
8.449999809265137,8.510000228881836,7.860000133514404,7.96999979019165,7.96999979019165,43859700,NIO
7.880000114440918,7.900000095367432,7.699999809265137,7.889999866485596,7.889999866485596,25233500,NIO
7.809999942779541,8.0,7.679999828338623,7.920000076293945,7.920000076293945,37957600,NIO
7.820000171661377,7.960000038146973,7.460000038146973,7.46999979019165,7.46999979019165,36000500,NIO
31.829999923706055,31.969999313354492,31.40999984741211,31.459999084472656,31.459999084472656,15694200,VZ
31.329999923706055,31.3700008392334,30.649999618530273,30.90999984741211,30.90999984741211,21718300,VZ
31.079999923706055,31.389999389648438,30.639999389648438,30.670000076293945,30.670000076293945,24528400,VZ
30.84000015258789,31.31999969482422,30.6200008392334,31.25,31.25,21087900,VZ
31.110000610351562,31.540000915527344,31.100000381469727,31.510000228881836,31.510000228881836,21186000,VZ
31.420000076293945,31.479999542236328,30.989999771118164,31.049999237060547,31.049999237060547,22024300,VZ
31.420000076293945,31.969999313354492,31.399999618530273,31.579999923706055,31.579999923706055,28806600,VZ
31.56999969482422,32.13999938964844,31.549999237060547,31.56999969482422,31.56999969482422,27265100,VZ
31.479999542236328,31.65999984741211,31.260000228881836,31.389999389648438,31.389999389648438,31725800,VZ
33.150001525878906,34.459999084472656,32.970001220703125,34.29999923706055,34.29999923706055,61617900,VZ
34.5,34.61000061035156,33.599998474121094,33.689998626708984,33.689998626708984,30832800,VZ
33.65999984741211,34.70000076293945,33.63999938964844,34.470001220703125,34.470001220703125,34367000,VZ
34.380001068115234,34.59000015258789,33.34000015258789,33.439998626708984,33.439998626708984,23924800,VZ
33.84000015258789,34.79999923706055,33.84000015258789,34.619998931884766,34.619998931884766,31497700,VZ
34.709999084472656,35.209999084472656,34.66999816894531,35.130001068115234,35.130001068115234,28903400,VZ
35.40999984741211,35.560001373291016,35.150001525878906,35.400001525878906,35.400001525878906,26071200,VZ
35.310001373291016,35.939998626708984,35.310001373291016,35.900001525878906,35.900001525878906,24946000,VZ
35.9900016784668,36.369998931884766,35.939998626708984,36.02000045776367,36.02000045776367,23311800,VZ
35.97999954223633,36.029998779296875,35.619998931884766,35.63999938964844,35.63999938964844,15544000,VZ
35.70000076293945,36.099998474121094,35.650001525878906,35.939998626708984,35.939998626708984,17654600,VZ
35.939998626708984,35.97999954223633,35.599998474121094,35.77000045776367,35.77000045776367,16971500,VZ
35.869998931884766,36.04999923706055,35.459999084472656,35.619998931884766,35.619998931884766,15684600,VZ
8.850000381469727,9.130000114440918,8.819999694824219,9.109999656677246,9.109999656677246,18773800,SNAP
9.0600004196167,9.329999923706055,9.010000228881836,9.109999656677246,9.109999656677246,29718200,SNAP
9.100000381469727,9.140000343322754,8.670000076293945,8.680000305175781,8.680000305175781,27893000,SNAP
9.020000457763672,9.75,8.960000038146973,9.720000267028809,9.720000267028809,56297800,SNAP
9.5600004196167,9.770000457763672,9.539999961853027,9.6899995803833,9.6899995803833,24836000,SNAP
9.600000381469727,9.760000228881836,9.510000228881836,9.600000381469727,9.600000381469727,19250400,SNAP
9.550000190734863,9.869999885559082,9.460000038146973,9.649999618530273,9.649999618530273,21177200,SNAP
9.600000381469727,9.670000076293945,9.3100004196167,9.4399995803833,9.4399995803833,29372600,SNAP
9.350000381469727,9.880000114440918,9.300000190734863,9.489999771118164,9.489999771118164,37569200,SNAP
9.630000114440918,9.979999542236328,9.579999923706055,9.710000038146973,9.710000038146973,71921400,SNAP
10.369999885559082,10.869999885559082,9.100000381469727,9.1899995803833,9.1899995803833,94403200,SNAP
9.109999656677246,9.520000457763672,8.90999984741211,9.300000190734863,9.300000190734863,42454200,SNAP
9.329999923706055,9.550000190734863,9.180000305175781,9.300000190734863,9.300000190734863,24606500,SNAP
9.34000015258789,9.8100004196167,9.289999961853027,9.699999809265137,9.699999809265137,25083900,SNAP
9.789999961853027,10.055000305175781,9.600000381469727,10.010000228881836,10.010000228881836,28796700,SNAP
9.949999809265137,10.079999923706055,9.8100004196167,9.989999771118164,9.989999771118164,19548100,SNAP
10.140000343322754,10.59000015258789,10.100000381469727,10.430000305175781,10.430000305175781,30659300,SNAP
10.520000457763672,10.914999961853027,10.520000457763672,10.720000267028809,10.720000267028809,22872400,SNAP
10.739999771118164,10.869999885559082,10.619999885559082,10.729999542236328,10.729999542236328,18754900,SNAP
10.720000267028809,11.020000457763672,10.680000305175781,10.960000038146973,10.960000038146973,15836900,SNAP
11.039999961853027,11.25,10.859999656677246,11.229999542236328,11.229999542236328,21448600,SNAP
11.220000267028809,11.729999542236328,11.180000305175781,11.239999771118164,11.239999771118164,26944300,SNAP
7.670000076293945,7.860000133514404,7.559999942779541,7.800000190734863,7.800000190734863,10806700,RIG
7.949999809265137,7.960000038146973,7.489999771118164,7.570000171661377,7.570000171661377,32495500,RIG
7.75,7.840000152587891,7.610000133514404,7.710000038146973,7.710000038146973,11526900,RIG
7.650000095367432,7.710000038146973,7.28000020980835,7.510000228881836,7.510000228881836,17864600,RIG
7.5,7.659999847412109,7.46999979019165,7.579999923706055,7.579999923706055,7299200,RIG
7.599999904632568,7.630000114440918,7.340000152587891,7.380000114440918,7.380000114440918,12446900,RIG
7.260000228881836,7.559999942779541,7.150000095367432,7.389999866485596,7.389999866485596,15253200,RIG
7.289999961853027,7.360000133514404,6.960000038146973,7.159999847412109,7.159999847412109,15993400,RIG
7.059999942779541,7.159999847412109,6.920000076293945,7.099999904632568,7.099999904632568,11397800,RIG
7.119999885559082,7.150000095367432,6.980000019073486,7.019999980926514,7.019999980926514,8963100,RIG
6.989999771118164,7.059999942779541,6.820000171661377,6.869999885559082,6.869999885559082,12953100,RIG
6.769999980926514,6.880000114440918,6.659999847412109,6.690000057220459,6.690000057220459,11963600,RIG
6.710000038146973,6.75,6.5,6.550000190734863,6.550000190734863,16515400,RIG
6.579999923706055,6.71999979019165,6.519999980926514,6.630000114440918,6.630000114440918,17892800,RIG
6.690000057220459,6.949999809265137,6.21999979019165,6.619999885559082,6.619999885559082,28002700,RIG
6.650000095367432,6.980000019073486,6.489999771118164,6.650000095367432,6.650000095367432,20942500,RIG
6.75,6.96999979019165,6.71999979019165,6.889999866485596,6.889999866485596,12359700,RIG
6.920000076293945,7.050000190734863,6.809999942779541,6.840000152587891,6.840000152587891,13463000,RIG
6.900000095367432,6.920000076293945,6.53000020980835,6.650000095367432,6.650000095367432,14868500,RIG
6.5,6.539999961853027,6.300000190734863,6.5,6.5,19471400,RIG
6.409999847412109,6.699999809265137,6.409999847412109,6.670000076293945,6.670000076293945,21462400,RIG
6.78000020980835,6.940000057220459,6.559999942779541,6.570000171661377,6.570000171661377,14829900,RIG
14.949999809265137,15.050000190734863,14.680000305175781,14.770000457763672,14.770000457763672,31793500,T
14.640000343322754,14.670000076293945,14.279999732971191,14.449999809265137,14.449999809265137,38543700,T
14.479999542236328,14.630000114440918,14.319999694824219,14.359999656677246,14.359999656677246,34104500,T
14.399999618530273,14.5,14.229999542236328,14.40999984741211,14.40999984741211,31727900,T
14.319999694824219,14.59000015258789,14.289999961853027,14.579999923706055,14.579999923706055,34771800,T
14.470000267028809,14.529999732971191,14.3100004196167,14.319999694824219,14.319999694824219,36230900,T
15.369999885559082,15.65999984741211,15.15999984741211,15.260000228881836,15.260000228881836,97636500,T
15.1899995803833,15.90999984741211,15.1899995803833,15.380000114440918,15.380000114440918,68043400,T
15.369999885559082,15.380000114440918,14.859999656677246,14.949999809265137,14.949999809265137,53938600,T
15.180000305175781,15.569999694824219,15.180000305175781,15.529999732971191,15.529999732971191,66404200,T
15.5,15.59000015258789,15.069999694824219,15.1899995803833,15.1899995803833,42605800,T
15.170000076293945,15.289999961853027,14.979999542236328,15.119999885559082,15.119999885559082,41165100,T
15.100000381469727,15.180000305175781,14.739999771118164,14.819999694824219,14.819999694824219,35849200,T
14.949999809265137,15.380000114440918,14.90999984741211,15.260000228881836,15.260000228881836,41832200,T
15.279999732971191,15.4399995803833,15.25,15.399999618530273,15.399999618530273,33688400,T
15.489999771118164,15.699999809265137,15.430000305175781,15.579999923706055,15.579999923706055,41502800,T
15.619999885559082,15.779999732971191,15.5600004196167,15.729999542236328,15.729999542236328,35788800,T
15.899999618530273,16.040000915527344,15.829999923706055,15.880000114440918,15.880000114440918,42801200,T
15.829999923706055,15.899999618530273,15.640000343322754,15.75,15.75,32805500,T
15.710000038146973,15.960000038146973,15.710000038146973,15.84000015258789,15.84000015258789,26425500,T
15.84000015258789,15.84000015258789,15.579999923706055,15.649999618530273,15.649999618530273,28224500,T
15.680000305175781,15.75,15.550000190734863,15.630000114440918,15.630000114440918,26076000,T
19.81999969482422,20.190000534057617,19.100000381469727,19.3700008392334,19.3700008392334,41638100,RIVN
19.360000610351562,19.889999389648438,18.719999313354492,19.329999923706055,19.329999923706055,37700400,RIVN
19.270000457763672,19.46500015258789,18.780000686645508,19.299999237060547,19.299999237060547,29307500,RIVN
19.200000762939453,19.790000915527344,19.1299991607666,19.65999984741211,19.65999984741211,21031100,RIVN
19.280000686645508,20.219999313354492,19.209999084472656,19.899999618530273,19.899999618530273,34080300,RIVN
19.709999084472656,19.729999542236328,17.899999618530273,18.09000015258789,18.09000015258789,45912200,RIVN
17.799999237060547,17.989999771118164,17.06999969482422,17.15999984741211,17.15999984741211,41423000,RIVN
17.020000457763672,17.389999389648438,16.621999740600586,16.719999313354492,16.719999313354492,30792800,RIVN
16.549999237060547,17.649999618530273,16.09000015258789,17.06999969482422,17.06999969482422,30193300,RIVN
17.299999237060547,17.649999618530273,16.989999771118164,17.43000030517578,17.43000030517578,23001800,RIVN
17.309999465942383,17.600000381469727,16.959999084472656,17.020000457763672,17.020000457763672,21207200,RIVN
16.950000762939453,17.010000228881836,15.880000114440918,16.170000076293945,16.170000076293945,29444900,RIVN
16.709999084472656,16.809999465942383,15.930000305175781,16.010000228881836,16.010000228881836,23930300,RIVN
16.059999465942383,16.25,15.289999961853027,15.720000267028809,15.720000267028809,28495600,RIVN
15.710000038146973,16.43000030517578,15.449999809265137,16.219999313354492,16.219999313354492,42227100,RIVN
16.25,16.298999786376953,15.890000343322754,16.1299991607666,16.1299991607666,18125400,RIVN
16.68000030517578,17.899999618530273,16.6200008392334,17.59000015258789,17.59000015258789,42818700,RIVN
17.950000762939453,18.434999465942383,17.6299991607666,17.709999084472656,17.709999084472656,31488300,RIVN
18.010000228881836,18.149999618530273,16.885000228881836,17.18000030517578,17.18000030517578,29082900,RIVN
17.1299991607666,17.530000686645508,16.760000228881836,17.420000076293945,17.420000076293945,45393300,RIVN
18.579999923706055,18.770000457763672,16.329999923706055,17.0,17.0,121273500,RIVN
16.8799991607666,17.3700008392334,15.324999809265137,15.329999923706055,15.329999923706055,67670900,RIVN
12.920000076293945,13.010000228881836,12.489999771118164,12.649999618530273,12.649999618530273,25157700,CCL
12.6899995803833,12.920000076293945,12.34000015258789,12.600000381469727,12.600000381469727,28842100,CCL
12.380000114440918,12.520000457763672,12.149999618530273,12.260000228881836,12.260000228881836,25958500,CCL
12.470000267028809,12.529999732971191,12.239999771118164,12.359999656677246,12.359999656677246,28778300,CCL
12.270000457763672,12.65999984741211,12.229999542236328,12.5,12.5,22430900,CCL
12.300000190734863,12.34000015258789,11.670000076293945,11.6899995803833,11.6899995803833,37759500,CCL
11.59000015258789,11.720000267028809,11.34000015258789,11.390000343322754,11.390000343322754,36476100,CCL
11.239999771118164,11.390000343322754,11.020000457763672,11.029999732971191,11.029999732971191,33478700,CCL
10.979999542236328,11.640000343322754,10.84000015258789,11.380000114440918,11.380000114440918,41028400,CCL
11.510000228881836,11.729999542236328,11.399999618530273,11.449999809265137,11.449999809265137,23219100,CCL
11.319999694824219,11.470000267028809,11.239999771118164,11.270000457763672,11.270000457763672,22471300,CCL
11.640000343322754,11.739999771118164,10.949999809265137,11.369999885559082,11.369999885559082,38025200,CCL
11.5600004196167,11.579999923706055,11.010000228881836,11.130000114440918,11.130000114440918,25951000,CCL
11.359999656677246,11.5,11.1899995803833,11.399999618530273,11.399999618530273,28263900,CCL
11.430000305175781,11.479999542236328,11.100000381469727,11.460000038146973,11.460000038146973,25679000,CCL
11.449999809265137,11.569999694824219,11.119999885559082,11.300000190734863,11.300000190734863,26672000,CCL
11.619999885559082,12.039999961853027,11.609999656677246,11.899999618530273,11.899999618530273,30172100,CCL
12.1899995803833,12.819999694824219,12.15999984741211,12.550000190734863,12.550000190734863,43436000,CCL
12.649999618530273,12.739999771118164,12.020000457763672,12.260000228881836,12.260000228881836,30665400,CCL
12.25,12.569999694824219,12.15999984741211,12.5600004196167,12.5600004196167,22553000,CCL
12.609999656677246,12.970000267028809,12.510000228881836,12.789999961853027,12.789999961853027,30333400,CCL
12.800000190734863,12.920000076293945,12.25,12.3100004196167,12.3100004196167,22149900,CCL
122.9000015258789,124.8499984741211,122.4000015258789,124.76000213623047,124.76000213623047,781900,SRPT
125.0,125.0,116.81999969482422,117.20999908447266,117.20999908447266,1120400,SRPT
116.69999694824219,118.7300033569336,114.12000274658203,117.95999908447266,117.95999908447266,780400,SRPT
117.75,119.05999755859375,116.44000244140625,117.55000305175781,117.55000305175781,664200,SRPT
117.0,119.98999786376953,116.56999969482422,118.6500015258789,118.6500015258789,710300,SRPT
118.31999969482422,118.31999969482422,112.7699966430664,113.81999969482422,113.81999969482422,937900,SRPT
114.55000305175781,114.98999786376953,111.77999877929688,113.0,113.0,753800,SRPT
113.18000030517578,113.95999908447266,111.0,111.19999694824219,111.19999694824219,1012300,SRPT
111.0,113.41999816894531,109.77999877929688,111.4000015258789,111.4000015258789,869700,SRPT
111.62999725341797,113.94999694824219,110.72000122070312,113.41999816894531,113.41999816894531,827300,SRPT
112.38999938964844,112.66000366210938,106.5199966430664,107.23999786376953,107.23999786376953,1095300,SRPT
107.38999938964844,112.2300033569336,105.91999816894531,111.5999984741211,111.5999984741211,1131200,SRPT
111.9000015258789,111.9000015258789,106.05000305175781,106.83000183105469,106.83000183105469,928700,SRPT
107.94999694824219,109.95999908447266,106.91999816894531,107.6500015258789,107.6500015258789,742400,SRPT
57.630001068115234,68.0,55.25,67.30999755859375,67.30999755859375,23555200,SRPT
68.4000015258789,76.7699966430664,68.0,76.5199966430664,76.5199966430664,6757200,SRPT
79.43000030517578,82.22000122070312,75.69000244140625,77.76000213623047,77.76000213623047,3736700,SRPT
78.41999816894531,81.2699966430664,77.80000305175781,78.01000213623047,78.01000213623047,2291500,SRPT
81.5,83.11000061035156,79.66000366210938,80.0999984741211,80.0999984741211,2575900,SRPT
80.62000274658203,84.19000244140625,80.62000274658203,82.93000030517578,82.93000030517578,2180600,SRPT
82.93000030517578,83.47000122070312,80.4000015258789,80.69000244140625,80.69000244140625,1076100,SRPT
79.87999725341797,80.26000213623047,75.8499984741211,79.1500015258789,79.1500015258789,2080000,SRPT
106.95999908447266,107.16999816894531,104.83000183105469,106.48999786376953,106.48999786376953,57939000,XOM
107.58999633789062,107.83999633789062,106.08999633789062,106.47000122070312,106.47000122070312,31183000,XOM
108.02999877929688,110.19999694824219,107.83999633789062,109.87000274658203,109.87000274658203,30276500,XOM
110.5,110.68000030517578,109.12999725341797,109.94999694824219,109.94999694824219,18452000,XOM
109.7300033569336,111.80000305175781,109.68000030517578,111.38999938964844,111.38999938964844,19775400,XOM
111.81999969482422,113.38999938964844,111.69999694824219,112.94999694824219,112.94999694824219,23380300,XOM
112.72000122070312,113.97000122070312,111.33000183105469,113.0199966430664,113.0199966430664,20972500,XOM
112.91999816894531,113.31999969482422,110.79000091552734,111.08000183105469,111.08000183105469,22439800,XOM
110.62999725341797,110.95999908447266,108.68000030517578,109.44999694824219,109.44999694824219,18185000,XOM
109.69999694824219,109.81999969482422,108.12000274658203,108.38999938964844,108.38999938964844,16786100,XOM
108.5199966430664,109.5,108.12999725341797,108.58999633789062,108.58999633789062,22047300,XOM
107.44999694824219,108.33999633789062,106.5,107.5999984741211,107.5999984741211,18768300,XOM
108.88999938964844,109.86000061035156,104.95999908447266,105.55000305175781,105.55000305175781,23092000,XOM
105.73999786376953,106.41999816894531,105.20999908447266,105.87999725341797,105.87999725341797,19379900,XOM
105.58000183105469,106.16000366210938,104.54000091552734,105.8499984741211,105.8499984741211,22185200,XOM
106.52999877929688,107.16999816894531,105.45999908447266,105.63999938964844,105.63999938964844,28984900,XOM
105.87999725341797,109.19000244140625,105.5,109.11000061035156,109.11000061035156,25212700,XOM
108.4000015258789,108.77999877929688,106.54000091552734,107.77999877929688,107.77999877929688,30549000,XOM
108.16999816894531,108.2699966430664,105.7699966430664,105.87000274658203,105.87000274658203,19097300,XOM
104.47000122070312,104.86000061035156,103.29000091552734,104.20999908447266,104.20999908447266,20272500,XOM
103.7300033569336,104.9000015258789,102.88999938964844,102.93000030517578,102.93000030517578,19184100,XOM
103.66999816894531,103.97000122070312,102.86000061035156,102.95999908447266,102.95999908447266,18375300,XOM
138.5800018310547,141.11000061035156,138.5800018310547,140.5500030517578,140.5500030517578,25884300,GOOGL
141.0500030517578,141.22000122070312,138.25999450683594,138.97000122070312,138.97000122070312,24765500,GOOGL
139.3800048828125,140.0,136.6199951171875,137.36000061035156,137.36000061035156,23420500,GOOGL
138.1699981689453,139.6300048828125,137.99000549316406,139.10000610351562,139.10000610351562,28501900,GOOGL
138.6300048828125,139.89999389648438,137.17999267578125,139.72000122070312,139.72000122070312,23515800,GOOGL
139.4499969482422,140.72000122070312,137.3800048828125,137.9600067138672,137.9600067138672,23375000,GOOGL
138.5,139.66000366210938,137.3800048828125,137.75,137.75,26066000,GOOGL
137.3300018310547,137.8699951171875,135.0800018310547,135.60000610351562,135.60000610351562,26315200,GOOGL
135.0399932861328,137.66000366210938,133.9499969482422,136.5,136.5,26317900,GOOGL
137.8300018310547,139.36000061035156,137.4199981689453,138.80999755859375,138.80999755859375,44814300,GOOGL
128.16000366210938,128.30999755859375,125.06999969482422,125.61000061035156,125.61000061035156,84366200,GOOGL
123.2699966430664,124.33000183105469,121.2699966430664,122.27999877929688,122.27999877929688,57061100,GOOGL
122.87999725341797,123.30999755859375,120.20999908447266,122.16999816894531,122.16999816894531,44566500,GOOGL
123.20999908447266,125.4000015258789,122.75,124.45999908447266,124.45999908447266,28940100,GOOGL
125.05999755859375,125.37000274658203,122.69000244140625,124.08000183105469,124.08000183105469,26292300,GOOGL
124.06999969482422,126.48999786376953,123.72000122070312,126.44999694824219,126.44999694824219,30082400,GOOGL
128.4199981689453,128.97999572753906,126.93000030517578,127.48999786376953,127.48999786376953,27124600,GOOGL
128.02000427246094,129.52999877929688,127.86000061035156,129.10000610351562,129.10000610351562,26380100,GOOGL
129.0500030517578,130.33999633789062,128.6699981689453,130.25,130.25,19052700,GOOGL
130.7100067138672,131.91000366210938,129.8800048828125,130.97000122070312,130.97000122070312,29757300,GOOGL
130.97000122070312,132.2100067138672,130.77999877929688,131.83999633789062,131.83999633789062,26425800,GOOGL
131.9600067138672,132.5500030517578,130.07000732421875,130.24000549316406,130.24000549316406,23721900,GOOGL
